{"cameraMode":{"drawMode":0,"name":"Shaded","section":"Shading Mode"},"sceneLighting":false,"audioPlay":false,"sceneViewState":{"m_AlwaysRefresh":false,"showFog":true,"showSkybox":false,"showFlares":true,"showImageEffects":true,"showParticleSystems":true,"showVisualEffectGraphs":true,"m_FxEnabled":true},"in2DMode":false,"pivot":{"x":0.0024875458329916,"y":0.05010943114757538,"z":-0.04705844819545746},"rotation":{"x":0.009153260849416256,"y":-0.9261108040809631,"z":0.022518470883369447,"w":0.37647324800491335},"size":0.22816547751426698,"orthographic":false}