{"cameraMode":{"drawMode":0,"name":"Shaded","section":"Shading Mode"},"sceneLighting":false,"audioPlay":false,"sceneViewState":{"m_AlwaysRefresh":false,"showFog":true,"showSkybox":false,"showFlares":true,"showImageEffects":true,"showParticleSystems":true,"showVisualEffectGraphs":true,"m_FxEnabled":true},"in2DMode":false,"pivot":{"x":-0.05912597477436066,"y":0.013155482709407807,"z":-0.049474433064460757},"rotation":{"x":-0.0458197295665741,"y":-0.9157664179801941,"z":0.10931691527366638,"w":-0.3838317096233368},"size":0.10218091309070587,"orthographic":false}