{"cameraMode":{"drawMode":0,"name":"Shaded","section":"Shading Mode"},"sceneLighting":false,"audioPlay":false,"sceneViewState":{"m_AlwaysRefresh":false,"showFog":true,"showSkybox":false,"showFlares":true,"showImageEffects":true,"showParticleSystems":true,"showVisualEffectGraphs":true,"m_FxEnabled":true},"in2DMode":false,"pivot":{"x":-0.31443291902542117,"y":-0.07690569013357163,"z":-0.14948506653308869},"rotation":{"x":0.05997294932603836,"y":-0.7702513337135315,"z":0.07324909418821335,"w":0.6306877732276917},"size":0.4126957654953003,"orthographic":false}