{"cameraMode":{"drawMode":0,"name":"Shaded","section":"Shading Mode"},"sceneLighting":false,"audioPlay":false,"sceneViewState":{"m_AlwaysRefresh":false,"showFog":true,"showSkybox":false,"showFlares":true,"showImageEffects":true,"showParticleSystems":true,"showVisualEffectGraphs":true,"m_FxEnabled":true},"in2DMode":false,"pivot":{"x":0.04845239967107773,"y":0.07298643887042999,"z":-0.00020521879196166992},"rotation":{"x":0.024290379136800767,"y":0.03865683451294899,"z":-0.0009363216813653708,"w":0.9989767670631409},"size":0.1583542823791504,"orthographic":false}